outcome,group,year,att,se,event_time,ci_low,ci_high
base_income,2009,2008,-182.52428066160843,88.67616338702075,-1,-356.3295609001691,-8.71900042304776
base_income,2009,2009,7015.854580668262,36.76748050922353,0,6943.790318870184,7087.918842466341
base_income,2009,2010,7055.228091879137,87.28297090197802,1,6884.15346891126,7226.302714847014
base_income,2009,2011,7070.421985900667,80.89514647800094,2,6911.867498803786,7228.976472997549
base_income,2009,2012,7003.924606640874,88.00834195749125,3,6831.428256404191,7176.420956877557
base_income,2009,2013,6987.279671192146,90.02500187301328,4,6810.830667521041,7163.728674863252
base_income,2009,2014,6918.26389512083,94.85219687496748,5,6732.353589245894,7104.174200995766
base_income,2009,2015,7014.771262030794,103.29455967633125,6,6812.313925065185,7217.228598996403
base_income,2009,2016,NA,NA,7,NA,NA
base_income,2010,2008,83.58046821440885,88.42324600426312,-2,-89.72909395394686,256.89003038276456
base_income,2010,2009,68.08144779676638,57.40930199336554,-1,-44.44078411023007,180.60367970376285
base_income,2010,2010,7019.539074637961,69.97816486389833,0,6882.38187150472,7156.6962777712015
base_income,2010,2011,7038.372408845027,62.62837554382197,1,6915.6207927791365,7161.124024910918
base_income,2010,2012,7001.105586142069,79.28701607922284,2,6845.703034626792,7156.508137657346
base_income,2010,2013,7007.068321751157,73.943654271386,3,6862.138759379241,7151.997884123073
base_income,2010,2014,7023.790738106519,75.29227580021241,4,6876.217877538103,7171.363598674935
base_income,2010,2015,7014.718907072615,107.77669071779474,5,6803.476593265737,7225.961220879493
base_income,2010,2016,NA,NA,6,NA,NA
base_income,2011,2008,-181.33836950331988,140.98885132876242,-3,-457.6765181076942,94.99977910105446
base_income,2011,2009,-17.125497897157665,184.4920673879634,-2,-378.7299499775659,344.47895418325055
base_income,2011,2010,-41.01549868923053,111.77646830779335,-1,-260.0973765725055,178.06637919404443
base_income,2011,2011,7029.688318712157,43.0974764637798,0,6945.217264843148,7114.159372581165
base_income,2011,2012,6992.436084796825,65.58362410907898,1,6863.892181543029,7120.97998805062
base_income,2011,2013,7004.326333046743,66.41727888928284,2,6874.148466423748,7134.504199669737
base_income,2011,2014,7009.784577897177,86.10864065272986,3,6841.011642217826,7178.5575135765275
base_income,2011,2015,7019.617603381959,89.32064454523275,4,6844.549140073303,7194.686066690616
base_income,2011,2016,7166.2034262470215,122.67022016932911,5,6925.769794715136,7406.637057778907
base_income,2012,2008,120.98047166333586,67.2565189711475,-4,-10.842305520113229,252.80324884678495
base_income,2012,2009,-85.3672424576074,83.99040690501334,-3,-249.98843999143355,79.25395507621874
base_income,2012,2010,19.33697463820832,89.08530005987289,-2,-155.27021347914254,193.94416275555918
base_income,2012,2011,-4.4655713641913835,69.45563705201113,-1,-140.5986199861332,131.66747725775042
base_income,2012,2012,6958.674988420847,33.131511730553626,0,6893.737225428961,7023.612751412732
base_income,2012,2013,6970.532761885974,25.05386066007224,1,6921.427194992232,7019.638328779715
base_income,2012,2014,6957.016134162739,33.392645719780596,2,6891.566548551969,7022.465719773509
base_income,2012,2015,6925.16740250467,60.205104663549804,3,6807.165397364112,7043.169407645227
base_income,2012,2016,6962.451519427243,75.8407195333831,4,6813.803709141812,7111.099329712673
base_income,2013,2008,-29.537499044896666,137.64280671872407,-5,-299.3174002135958,240.2424021238025
base_income,2013,2009,27.363326933788926,199.98937482194034,-4,-364.61584771721414,419.342501584792
base_income,2013,2010,16.422740287449972,418.50961515328345,-3,-803.8561054129856,836.7015859878856
base_income,2013,2011,37.2621540395658,40.748717177098975,-2,-42.60533162754818,117.12963970667978
base_income,2013,2012,40.30284167535354,152.8051923245605,-1,-259.195335280785,339.80101863149207
base_income,2013,2013,6999.693765115287,4.546070762820865,0,6990.783466420157,7008.604063810416
base_income,2013,2014,6996.740916442911,5.614191217117514,1,6985.737101657361,7007.744731228461
base_income,2013,2015,6999.293327719683,10.443534904914424,2,6978.823999306051,7019.7626561333145
base_income,2013,2016,7008.568407963591,935.2101833075166,3,5175.556448680859,8841.580367246324
base_income,2014,2008,34.48740044616877,45.44224985762029,-6,-54.579409274766995,123.55421016710454
base_income,2014,2009,-80.08107113801425,100.8786387418438,-5,-277.8032030720281,117.64106079599959
base_income,2014,2010,68.34521826101258,351.50642815398226,-4,-620.6073809207926,757.2978174428179
base_income,2014,2011,42.1250050108436,68.5912186138575,-3,-92.31378347231711,176.56379349400433
base_income,2014,2012,-50.780557855931505,44.6858612536728,-2,-138.36484591313018,36.80373020126717
base_income,2014,2013,-1.5165354346364437,11.708819352142463,-1,-24.465821364835673,21.432750495562782
base_income,2014,2014,7000.268445604382,4.43773723476275,0,6991.570480624247,7008.966410584517
base_income,2014,2015,6996.522642007743,4.441139058913386,1,6987.818009452273,7005.2272745632135
base_income,2014,2016,6982.153658302321,53.862106163956454,2,6876.583930220966,7087.7233863836755
base_income,2015,2008,NA,NA,-7,NA,NA
base_income,2015,2009,NA,NA,-6,NA,NA
base_income,2015,2010,16.533740245330115,230.77955553661155,-5,-435.7941886064285,468.8616690970888
base_income,2015,2011,-4.468804332674481,101.2731728515979,-4,-202.96422312180638,194.0266144564574
base_income,2015,2012,-29.44468817349002,65.97935823009843,-3,-158.76423030448294,99.87485395750289
base_income,2015,2013,0.22449421685099338,6.0608461795664645,-2,-11.654764295099277,12.103752728801265
base_income,2015,2014,-0.982833263433095,3.3402167814711388,-1,-7.529658155116527,5.563991628250337
base_income,2015,2015,7002.146013339667,3.2466574778946713,0,6995.782564682993,7008.50946199634
base_income,2015,2016,6983.895196097853,36.849092956239716,1,6911.670973903623,7056.119418292083
base_income,2016,2008,NA,NA,-8,NA,NA
base_income,2016,2009,33.43130222429683,39.922789664871395,-7,-44.817365518851105,111.67996996744476
base_income,2016,2010,25.187495305427596,74.38059712892175,-6,-120.59847506725902,170.97346567811422
base_income,2016,2011,-19.659419721655397,116.58839762763685,-5,-248.1726790718236,208.85383962851284
base_income,2016,2012,74.89657319671147,73.72724664205228,-4,-69.608830221711,219.40197661513395
base_income,2016,2013,-2.0056768230704503,4.829109529797884,-3,-11.470731501474303,7.459377855333402
base_income,2016,2014,3.157440238334121,2.9739507742895452,-2,-2.6715032792733875,8.98638375594163
base_income,2016,2015,-0.8545521066562306,5.059065789669246,-1,-10.770321054407953,9.061216841095492
base_income,2016,2016,6999.905186786449,8.824268805770739,0,6982.609619927139,7017.2007536457595
